<?xml version="1.0" encoding="UTF-8"?>
<export version="E">
  <design>
    <source>C:\Users\XxHashxX\Desktop\HelloWorld\HelloWorld.kicad_sch</source>
    <date>11/8/2022 7:56:25 PM</date>
    <tool>Eeschema (6.0.6)</tool>
    <sheet number="1" name="/" tstamps="/">
      <title_block>
        <title/>
        <company/>
        <rev/>
        <date/>
        <source>HelloWorld.kicad_sch</source>
        <comment number="1" value=""/>
        <comment number="2" value=""/>
        <comment number="3" value=""/>
        <comment number="4" value=""/>
        <comment number="5" value=""/>
        <comment number="6" value=""/>
        <comment number="7" value=""/>
        <comment number="8" value=""/>
        <comment number="9" value=""/>
      </title_block>
    </sheet>
  </design>
  <components>
    <comp ref="C1">
      <value>1uF</value>
      <footprint>fab:C_1206</footprint>
      <datasheet>https://www.yageo.com/upload/media/product/productsearch/datasheet/mlcc/UPY-GP_NP0_16V-to-50V_18.pdf</datasheet>
      <libsource lib="fab" part="C_1206" description="Unpolarized capacitor, SMD, 1206"/>
      <property name="Sheetname" value=""/>
      <property name="Sheetfile" value="HelloWorld.kicad_sch"/>
      <sheetpath names="/" tstamps="/"/>
      <tstamps>23b763de-a346-42af-9e76-b7fae9835ec1</tstamps>
    </comp>
    <comp ref="D1">
      <value>LED_1206</value>
      <footprint>fab:LED_1206</footprint>
      <datasheet>https://optoelectronics.liteon.com/upload/download/DS-22-98-0002/LTST-C150CKT.pdf</datasheet>
      <libsource lib="fab" part="LED_1206" description="Light emitting diode, Lite-On Inc. LTST, SMD"/>
      <property name="Sheetname" value=""/>
      <property name="Sheetfile" value="HelloWorld.kicad_sch"/>
      <sheetpath names="/" tstamps="/"/>
      <tstamps>ad7e9377-8044-4610-8e06-edf9b6af0fcf</tstamps>
    </comp>
    <comp ref="J1">
      <value>Conn_PinHeader_1x06_P2.54mm_Horizontal_SMD</value>
      <footprint>fab:PinHeader_1x06_P2.54mm_Horizontal_SMD</footprint>
      <libsource lib="fab" part="Conn_PinHeader_1x06_P2.54mm_Horizontal_SMD" description="Male connector, single row"/>
      <property name="Sheetname" value=""/>
      <property name="Sheetfile" value="HelloWorld.kicad_sch"/>
      <sheetpath names="/" tstamps="/"/>
      <tstamps>ff1f22b2-0dcf-48ab-b806-34cee2fa00e7</tstamps>
    </comp>
    <comp ref="J2">
      <value>Conn_PinHeader_2x03_P2.54mm_Vertical_SMD</value>
      <footprint>fab:PinHeader_2x03_P2.54mm_Vertical_SMD</footprint>
      <datasheet>https://cdn.amphenol-icc.com/media/wysiwyg/files/drawing/95278.pdf</datasheet>
      <libsource lib="fab" part="Conn_PinHeader_2x03_P2.54mm_Vertical_SMD" description="Connector Header Surface Mount 6 position 0.100&quot; (2.54mm)"/>
      <property name="Sheetname" value=""/>
      <property name="Sheetfile" value="HelloWorld.kicad_sch"/>
      <sheetpath names="/" tstamps="/"/>
      <tstamps>16ea9f84-f81e-48b7-9839-d02cebfc9541</tstamps>
    </comp>
    <comp ref="R1">
      <value>10k</value>
      <footprint>fab:R_1206</footprint>
      <libsource lib="fab" part="R_1206" description="Resistor"/>
      <property name="Sheetname" value=""/>
      <property name="Sheetfile" value="HelloWorld.kicad_sch"/>
      <sheetpath names="/" tstamps="/"/>
      <tstamps>20173e3b-0124-42ff-ae82-217bb3fd268a</tstamps>
    </comp>
    <comp ref="R2">
      <value>1k</value>
      <footprint>fab:R_1206</footprint>
      <libsource lib="fab" part="R_1206" description="Resistor"/>
      <property name="Sheetname" value=""/>
      <property name="Sheetfile" value="HelloWorld.kicad_sch"/>
      <sheetpath names="/" tstamps="/"/>
      <tstamps>d104383f-2769-40e3-852e-ae84ee50753f</tstamps>
    </comp>
    <comp ref="R3">
      <value>R_1206_JMP</value>
      <footprint>fab:R_1206</footprint>
      <libsource lib="fab" part="R_1206_JMP" description="Resistor"/>
      <property name="Sheetname" value=""/>
      <property name="Sheetfile" value="HelloWorld.kicad_sch"/>
      <sheetpath names="/" tstamps="/"/>
      <tstamps>ee3c4b85-eda4-4991-9743-9d0e4e0f5401</tstamps>
    </comp>
    <comp ref="SW1">
      <value>Button_Omron_B3SN_6.0x6.0mm</value>
      <footprint>fab:Button_Omron_B3SN_6.0x6.0mm</footprint>
      <datasheet>https://omronfs.omron.com/en_US/ecb/products/pdf/en-b3sn.pdf</datasheet>
      <libsource lib="fab" part="Button_Omron_B3SN_6.0x6.0mm" description="Push button switch, Omron, B3SN, Sealed Tactile Switch (SMT), SPST-NO Top Actuated Surface Mount"/>
      <property name="Sheetname" value=""/>
      <property name="Sheetfile" value="HelloWorld.kicad_sch"/>
      <sheetpath names="/" tstamps="/"/>
      <tstamps>513a101e-cff8-476c-95be-17211b1136dd</tstamps>
    </comp>
    <comp ref="U1">
      <value>Microcontroller_ATtiny44A-SSU</value>
      <footprint>fab:SOIC-14_3.9x8.7mm_P1.27mm</footprint>
      <datasheet>http://ww1.microchip.com/downloads/en/DeviceDoc/doc8183.pdf</datasheet>
      <libsource lib="fab" part="Microcontroller_ATtiny44A-SSU" description="AVR AVR® ATtiny Microcontroller IC 8-Bit 20MHz 4KB (2K x 16) FLASH 14-SOIC"/>
      <property name="Sheetname" value=""/>
      <property name="Sheetfile" value="HelloWorld.kicad_sch"/>
      <sheetpath names="/" tstamps="/"/>
      <tstamps>5bd5d534-c500-41b7-935a-3206476f9ac4</tstamps>
    </comp>
    <comp ref="Y1">
      <value>Crystal_ECS-CR2-20</value>
      <footprint>fab:ECS-CR2-20</footprint>
      <datasheet>https://ecsxtal.com/store/pdf/ecs_cr2_b.pdf</datasheet>
      <libsource lib="fab" part="Crystal_ECS-CR2-20" description="20MHz Ceramic Resonator Built in Capacitor 15pF ±0.3%  -20°C ~ 80°C Surface Mount"/>
      <property name="Sheetname" value=""/>
      <property name="Sheetfile" value="HelloWorld.kicad_sch"/>
      <sheetpath names="/" tstamps="/"/>
      <tstamps>76ea60fa-7b61-4142-ac49-a7368fa25673</tstamps>
    </comp>
  </components>
  <libparts>
    <libpart lib="fab" part="Button_Omron_B3SN_6.0x6.0mm">
      <description>Push button switch, Omron, B3SN, Sealed Tactile Switch (SMT), SPST-NO Top Actuated Surface Mount</description>
      <docs>https://omronfs.omron.com/en_US/ecb/products/pdf/en-b3sn.pdf</docs>
      <footprints>
        <fp>*Button*</fp>
      </footprints>
      <fields>
        <field name="Reference">SW</field>
        <field name="Value">Button_Omron_B3SN_6.0x6.0mm</field>
        <field name="Footprint">fab:Button_Omron_B3SN_6.0x6.0mm</field>
        <field name="Datasheet">https://omronfs.omron.com/en_US/ecb/products/pdf/en-b3sn.pdf</field>
      </fields>
      <pins>
        <pin num="1" name="1" type="passive"/>
        <pin num="2" name="2" type="passive"/>
      </pins>
    </libpart>
    <libpart lib="fab" part="C_1206">
      <description>Unpolarized capacitor, SMD, 1206</description>
      <docs>https://www.yageo.com/upload/media/product/productsearch/datasheet/mlcc/UPY-GP_NP0_16V-to-50V_18.pdf</docs>
      <footprints>
        <fp>*C*</fp>
      </footprints>
      <fields>
        <field name="Reference">C</field>
        <field name="Value">C_1206</field>
        <field name="Footprint">fab:C_1206</field>
        <field name="Datasheet">https://www.yageo.com/upload/media/product/productsearch/datasheet/mlcc/UPY-GP_NP0_16V-to-50V_18.pdf</field>
      </fields>
      <pins>
        <pin num="1" name="" type="passive"/>
        <pin num="2" name="" type="passive"/>
      </pins>
    </libpart>
    <libpart lib="fab" part="Conn_PinHeader_1x06_P2.54mm_Horizontal_SMD">
      <description>Male connector, single row</description>
      <docs>~</docs>
      <footprints>
        <fp>*PinHeader*1x06*</fp>
      </footprints>
      <fields>
        <field name="Reference">J</field>
        <field name="Value">Conn_PinHeader_1x06_P2.54mm_Horizontal_SMD</field>
        <field name="Footprint">fab:PinHeader_1x06_P2.54mm_Horizontal_SMD</field>
        <field name="Datasheet">~</field>
      </fields>
      <pins>
        <pin num="1" name="Pin_1" type="passive"/>
        <pin num="2" name="Pin_2" type="passive"/>
        <pin num="3" name="Pin_3" type="passive"/>
        <pin num="4" name="Pin_4" type="passive"/>
        <pin num="5" name="Pin_5" type="passive"/>
        <pin num="6" name="Pin_6" type="passive"/>
      </pins>
    </libpart>
    <libpart lib="fab" part="Conn_PinHeader_2x03_P2.54mm_Vertical_SMD">
      <description>Connector Header Surface Mount 6 position 0.100" (2.54mm)</description>
      <docs>https://cdn.amphenol-icc.com/media/wysiwyg/files/drawing/95278.pdf</docs>
      <footprints>
        <fp>*PinHeader*2x03*</fp>
      </footprints>
      <fields>
        <field name="Reference">J</field>
        <field name="Value">Conn_PinHeader_2x03_P2.54mm_Vertical_SMD</field>
        <field name="Footprint">fab:PinHeader_2x03_P2.54mm_Vertical_SMD</field>
        <field name="Datasheet">https://cdn.amphenol-icc.com/media/wysiwyg/files/drawing/95278.pdf</field>
      </fields>
      <pins>
        <pin num="1" name="Pin_1" type="passive"/>
        <pin num="2" name="Pin_2" type="passive"/>
        <pin num="3" name="Pin_3" type="passive"/>
        <pin num="4" name="Pin_4" type="passive"/>
        <pin num="5" name="Pin_5" type="passive"/>
        <pin num="6" name="Pin_6" type="passive"/>
      </pins>
    </libpart>
    <libpart lib="fab" part="Crystal_ECS-CR2-20">
      <description>20MHz Ceramic Resonator Built in Capacitor 15pF ±0.3%  -20°C ~ 80°C Surface Mount</description>
      <docs>https://ecsxtal.com/store/pdf/ecs_cr2_b.pdf</docs>
      <footprints>
        <fp>*ECS*CR2*</fp>
      </footprints>
      <fields>
        <field name="Reference">Y</field>
        <field name="Value">Crystal_ECS-CR2-20</field>
        <field name="Footprint">fab:ECS-CR2-20</field>
        <field name="Datasheet">https://ecsxtal.com/store/pdf/ecs_cr2_b.pdf</field>
      </fields>
      <pins>
        <pin num="1" name="IN_OUT" type="input"/>
        <pin num="2" name="GND" type="power_in"/>
        <pin num="3" name="OUT_IN" type="output"/>
      </pins>
    </libpart>
    <libpart lib="fab" part="LED_1206">
      <description>Light emitting diode, Lite-On Inc. LTST, SMD</description>
      <docs>https://optoelectronics.liteon.com/upload/download/DS-22-98-0002/LTST-C150CKT.pdf</docs>
      <footprints>
        <fp>*LED*1206*</fp>
      </footprints>
      <fields>
        <field name="Reference">D</field>
        <field name="Value">LED_1206</field>
        <field name="Footprint">fab:LED_1206</field>
        <field name="Datasheet">https://optoelectronics.liteon.com/upload/download/DS-22-98-0002/LTST-C150CKT.pdf</field>
      </fields>
      <pins>
        <pin num="1" name="K" type="passive"/>
        <pin num="2" name="A" type="passive"/>
      </pins>
    </libpart>
    <libpart lib="fab" part="Microcontroller_ATtiny44A-SSU">
      <description>AVR AVR® ATtiny Microcontroller IC 8-Bit 20MHz 4KB (2K x 16) FLASH 14-SOIC</description>
      <docs>http://ww1.microchip.com/downloads/en/DeviceDoc/doc8183.pdf</docs>
      <footprints>
        <fp>SOIC*14*P1.27mm*</fp>
      </footprints>
      <fields>
        <field name="Reference">U</field>
        <field name="Value">Microcontroller_ATtiny44A-SSU</field>
        <field name="Footprint">fab:SOIC-14_3.9x8.7mm_P1.27mm</field>
        <field name="Datasheet">http://ww1.microchip.com/downloads/en/DeviceDoc/doc8183.pdf</field>
      </fields>
      <pins>
        <pin num="1" name="VCC" type="power_in"/>
        <pin num="2" name="XTAL1/PB0" type="bidirectional"/>
        <pin num="3" name="XTAL2/PB1" type="bidirectional"/>
        <pin num="4" name="~{RESET}/PB3" type="bidirectional"/>
        <pin num="5" name="PB2" type="bidirectional"/>
        <pin num="6" name="PA7" type="bidirectional"/>
        <pin num="7" name="MOSI/PA6" type="bidirectional"/>
        <pin num="8" name="MISO/PA5" type="bidirectional"/>
        <pin num="9" name="PA4" type="bidirectional"/>
        <pin num="10" name="PA3" type="bidirectional"/>
        <pin num="11" name="PA2" type="bidirectional"/>
        <pin num="12" name="PA1" type="bidirectional"/>
        <pin num="13" name="AREF/PA0" type="bidirectional"/>
        <pin num="14" name="GND" type="power_in"/>
      </pins>
    </libpart>
    <libpart lib="fab" part="R_1206">
      <description>Resistor</description>
      <docs>~</docs>
      <footprints>
        <fp>*R*1206*</fp>
      </footprints>
      <fields>
        <field name="Reference">R</field>
        <field name="Value">R_1206</field>
        <field name="Footprint">fab:R_1206</field>
        <field name="Datasheet">~</field>
      </fields>
      <pins>
        <pin num="1" name="" type="passive"/>
        <pin num="2" name="" type="passive"/>
      </pins>
    </libpart>
    <libpart lib="fab" part="R_1206_JMP">
      <description>Resistor</description>
      <docs>~</docs>
      <footprints>
        <fp>*R*1206*</fp>
      </footprints>
      <fields>
        <field name="Reference">R</field>
        <field name="Value">R_1206_JMP</field>
        <field name="Footprint">fab:R_1206</field>
        <field name="Datasheet">~</field>
      </fields>
      <pins>
        <pin num="1" name="" type="passive"/>
        <pin num="2" name="" type="passive"/>
      </pins>
    </libpart>
  </libparts>
  <libraries>
    <library logical="fab">
      <uri>C:/Kicad/FabLib/fab.kicad_sym</uri>
    </library>
  </libraries>
  <nets>
    <net code="1" name="BTN1">
      <node ref="SW1" pin="2" pinfunction="2" pintype="passive"/>
      <node ref="U1" pin="6" pinfunction="PA7" pintype="bidirectional"/>
    </net>
    <net code="2" name="LED">
      <node ref="R2" pin="2" pintype="passive"/>
      <node ref="U1" pin="5" pinfunction="PB2" pintype="bidirectional"/>
    </net>
    <net code="3" name="MISO">
      <node ref="J2" pin="3" pinfunction="Pin_3" pintype="passive"/>
      <node ref="U1" pin="8" pinfunction="MISO/PA5" pintype="bidirectional"/>
    </net>
    <net code="4" name="MOSI">
      <node ref="J2" pin="6" pinfunction="Pin_6" pintype="passive"/>
      <node ref="U1" pin="7" pinfunction="MOSI/PA6" pintype="bidirectional"/>
    </net>
    <net code="5" name="Net-(D1-Pad2)">
      <node ref="D1" pin="2" pinfunction="A" pintype="passive"/>
      <node ref="R2" pin="1" pintype="passive"/>
    </net>
    <net code="6" name="PWR_5V">
      <node ref="C1" pin="2" pintype="passive"/>
      <node ref="J1" pin="3" pinfunction="Pin_3" pintype="passive"/>
      <node ref="J2" pin="5" pinfunction="Pin_5" pintype="passive"/>
      <node ref="R1" pin="2" pintype="passive"/>
      <node ref="U1" pin="1" pinfunction="VCC" pintype="power_in"/>
    </net>
    <net code="7" name="PWR_GND">
      <node ref="C1" pin="1" pintype="passive"/>
      <node ref="D1" pin="1" pinfunction="K" pintype="passive"/>
      <node ref="J1" pin="1" pinfunction="Pin_1" pintype="passive"/>
      <node ref="J2" pin="1" pinfunction="Pin_1" pintype="passive"/>
      <node ref="R3" pin="1" pintype="passive"/>
      <node ref="R3" pin="2" pintype="passive"/>
      <node ref="SW1" pin="1" pinfunction="1" pintype="passive"/>
      <node ref="U1" pin="14" pinfunction="GND" pintype="power_in"/>
      <node ref="Y1" pin="2" pinfunction="GND" pintype="power_in"/>
    </net>
    <net code="8" name="RST">
      <node ref="J2" pin="2" pinfunction="Pin_2" pintype="passive"/>
      <node ref="R1" pin="1" pintype="passive"/>
      <node ref="U1" pin="4" pinfunction="~{RESET}/PB3" pintype="bidirectional"/>
    </net>
    <net code="9" name="RX">
      <node ref="J1" pin="5" pinfunction="Pin_5" pintype="passive"/>
      <node ref="U1" pin="12" pinfunction="PA1" pintype="bidirectional"/>
    </net>
    <net code="10" name="SCK">
      <node ref="J2" pin="4" pinfunction="Pin_4" pintype="passive"/>
      <node ref="U1" pin="9" pinfunction="PA4" pintype="bidirectional"/>
    </net>
    <net code="11" name="TX">
      <node ref="J1" pin="4" pinfunction="Pin_4" pintype="passive"/>
      <node ref="U1" pin="13" pinfunction="AREF/PA0" pintype="bidirectional"/>
    </net>
    <net code="12" name="XTAL1">
      <node ref="U1" pin="2" pinfunction="XTAL1/PB0" pintype="bidirectional"/>
      <node ref="Y1" pin="1" pinfunction="IN_OUT" pintype="input"/>
    </net>
    <net code="13" name="XTAL2">
      <node ref="U1" pin="3" pinfunction="XTAL2/PB1" pintype="bidirectional"/>
      <node ref="Y1" pin="3" pinfunction="OUT_IN" pintype="output"/>
    </net>
    <net code="14" name="unconnected-(J1-Pad2)">
      <node ref="J1" pin="2" pinfunction="Pin_2" pintype="passive+no_connect"/>
    </net>
    <net code="15" name="unconnected-(J1-Pad6)">
      <node ref="J1" pin="6" pinfunction="Pin_6" pintype="passive+no_connect"/>
    </net>
    <net code="16" name="unconnected-(U1-Pad10)">
      <node ref="U1" pin="10" pinfunction="PA3" pintype="bidirectional"/>
    </net>
    <net code="17" name="unconnected-(U1-Pad11)">
      <node ref="U1" pin="11" pinfunction="PA2" pintype="bidirectional"/>
    </net>
  </nets>
</export>
